{
    "total_runtime": 1.366184949874878,
    "num_documents": 1,
    "input_load_time": 0,
    "workflows": {
        "create_base_text_units": {
            "overall": 0.12244582176208496,
            "0_orderby": 0.0005099773406982422,
            "1_zip": 0.0005528926849365234,
            "2_aggregate_override": 0.001402139663696289,
            "3_chunk": 0.11437296867370605,
            "4_select": 0.00043010711669921875,
            "5_unroll": 0.0009121894836425781,
            "6_rename": 0.00026106834411621094,
            "7_genid": 0.001043081283569336,
            "8_unzip": 0.0004911422729492188,
            "9_copy": 0.0001270771026611328,
            "10_filter": 0.002138853073120117
        },
        "create_base_extracted_entities": {
            "overall": 0.05115389823913574,
            "0_entity_extract": 0.04332113265991211,
            "1_snapshot": 0.0015091896057128906,
            "2_merge_graphs": 0.005480766296386719,
            "3_snapshot_rows": 0.0006649494171142578
        },
        "create_summarized_entities": {
            "overall": 0.01393890380859375,
            "0_summarize_descriptions": 0.01302194595336914,
            "1_snapshot_rows": 0.0007719993591308594
        },
        "create_base_entity_graph": {
            "overall": 0.010504007339477539,
            "0_cluster_graph": 0.008397102355957031,
            "1_snapshot_rows": 0.000782012939453125,
            "2_snapshot_rows": 0.0007989406585693359,
            "3_select": 0.0003800392150878906
        },
        "create_final_entities": {
            "overall": 0.05877089500427246,
            "0_unpack_graph": 0.0023040771484375,
            "1_rename": 0.000270843505859375,
            "2_select": 0.00030493736267089844,
            "3_dedupe": 0.0002760887145996094,
            "4_rename": 0.0001647472381591797,
            "5_filter": 0.001992940902709961,
            "6_text_split": 0.0012369155883789062,
            "7_drop": 0.00030112266540527344,
            "8_merge": 0.007542133331298828,
            "9_text_embed": 0.04193592071533203,
            "10_drop": 0.00037288665771484375,
            "11_filter": 0.0018627643585205078
        },
        "create_final_nodes": {
            "overall": 0.020888805389404297,
            "0_layout_graph": 0.009474754333496094,
            "1_unpack_graph": 0.002415895462036133,
            "2_unpack_graph": 0.0022411346435546875,
            "3_drop": 0.0002644062042236328,
            "4_filter": 0.0015070438385009766,
            "5_select": 0.0002510547637939453,
            "6_snapshot": 0.0006110668182373047,
            "7_rename": 0.00021219253540039062,
            "8_join": 0.0024390220642089844,
            "9_convert": 0.000982046127319336,
            "10_rename": 0.00027108192443847656
        },
        "create_final_communities": {
            "overall": 0.032289743423461914,
            "0_unpack_graph": 0.0027871131896972656,
            "1_unpack_graph": 0.0018208026885986328,
            "2_aggregate_override": 0.0011889934539794922,
            "3_join": 0.0023317337036132812,
            "4_join": 0.0019648075103759766,
            "5_concat": 0.0002288818359375,
            "6_filter": 0.0027039051055908203,
            "7_aggregate_override": 0.0033168792724609375,
            "8_join": 0.0025207996368408203,
            "9_filter": 0.004743814468383789,
            "10_fill": 0.0031709671020507812,
            "11_merge": 0.0006909370422363281,
            "12_copy": 0.0032720565795898438,
            "13_select": 0.001260995864868164
        },
        "join_text_units_to_entity_ids": {
            "overall": 0.0033369064331054688,
            "0_select": 0.0005021095275878906,
            "1_unroll": 0.0009560585021972656,
            "2_aggregate_override": 0.0016989707946777344
        },
        "create_final_relationships": {
            "overall": 0.008296012878417969,
            "0_unpack_graph": 0.002608060836791992,
            "1_filter": 0.0016758441925048828,
            "2_rename": 0.00021982192993164062,
            "3_filter": 0.0012879371643066406,
            "4_drop": 0.00023126602172851562,
            "5_compute_edge_combined_degree": 0.001600027084350586,
            "6_convert": 0.0002760887145996094,
            "7_convert": 0.00019598007202148438
        },
        "join_text_units_to_relationship_ids": {
            "overall": 0.0025238990783691406,
            "0_select": 0.00047206878662109375,
            "1_unroll": 0.0007009506225585938,
            "2_aggregate_override": 0.0009326934814453125,
            "3_select": 0.0002818107604980469
        },
        "create_final_community_reports": {
            "overall": 0.017371177673339844,
            "0_prepare_community_reports_nodes": 0.0015380382537841797,
            "1_prepare_community_reports_edges": 0.0007460117340087891,
            "2_restore_community_hierarchy": 0.0016942024230957031,
            "3_prepare_community_reports": 0.007412910461425781,
            "4_create_community_reports": 0.004312753677368164,
            "5_select": 0.0003478527069091797,
            "6_window": 0.0004622936248779297,
            "7_select": 0.0005819797515869141
        },
        "create_final_text_units": {
            "overall": 0.0069580078125,
            "0_select": 0.00036025047302246094,
            "1_rename": 0.00024008750915527344,
            "2_join": 0.002410888671875,
            "3_join": 0.0021791458129882812,
            "4_aggregate_override": 0.00131988525390625,
            "5_select": 0.0002613067626953125
        },
        "create_base_documents": {
            "overall": 0.007380962371826172,
            "0_unroll": 0.0009090900421142578,
            "1_select": 0.0002541542053222656,
            "2_rename": 0.00021982192993164062,
            "3_join": 0.0019767284393310547,
            "4_aggregate_override": 0.0007688999176025391,
            "5_join": 0.00234222412109375,
            "6_rename": 0.00028896331787109375,
            "7_convert": 0.0004432201385498047
        },
        "create_final_documents": {
            "overall": 0.0004239082336425781,
            "0_rename": 0.0003020763397216797
        }
    }
}