{
    "total_runtime": 238.13064122200012,
    "num_documents": 1,
    "input_load_time": 0,
    "workflows": {
        "create_base_text_units": {
            "overall": 0.13957715034484863,
            "0_orderby": 0.0004642009735107422,
            "1_zip": 0.0005061626434326172,
            "2_aggregate_override": 0.0011420249938964844,
            "3_chunk": 0.12454581260681152,
            "4_select": 0.0005629062652587891,
            "5_unroll": 0.0008609294891357422,
            "6_rename": 0.000225067138671875,
            "7_genid": 0.0009949207305908203,
            "8_unzip": 0.0004780292510986328,
            "9_copy": 0.00012373924255371094,
            "10_filter": 0.009473085403442383
        },
        "create_base_extracted_entities": {
            "overall": 201.54761409759521,
            "0_entity_extract": 201.52765369415283,
            "1_snapshot": 0.001895904541015625,
            "2_merge_graphs": 0.017019033432006836,
            "3_snapshot_rows": 0.0008540153503417969
        },
        "create_summarized_entities": {
            "overall": 36.10583686828613,
            "0_summarize_descriptions": 36.1045458316803,
            "1_snapshot_rows": 0.00115203857421875
        },
        "create_base_entity_graph": {
            "overall": 0.018407821655273438,
            "0_cluster_graph": 0.018101930618286133,
            "1_snapshot_rows": 0.0001819133758544922
        }
    }
}