{
    "total_runtime": 1.393775224685669,
    "num_documents": 1,
    "input_load_time": 0,
    "workflows": {
        "create_base_text_units": {
            "overall": 0.11189818382263184,
            "0_orderby": 0.0005371570587158203,
            "1_zip": 0.0008499622344970703,
            "2_aggregate_override": 0.0012679100036621094,
            "3_chunk": 0.10381293296813965,
            "4_select": 0.0004889965057373047,
            "5_unroll": 0.0008189678192138672,
            "6_rename": 0.0002741813659667969,
            "7_genid": 0.0010569095611572266,
            "8_unzip": 0.0004909038543701172,
            "9_copy": 0.0001239776611328125,
            "10_filter": 0.0019757747650146484
        },
        "create_base_extracted_entities": {
            "overall": 0.05251884460449219,
            "0_entity_extract": 0.044686079025268555,
            "1_snapshot": 0.0015048980712890625,
            "2_merge_graphs": 0.005602598190307617,
            "3_snapshot_rows": 0.000537872314453125
        },
        "create_summarized_entities": {
            "overall": 0.012797117233276367,
            "0_summarize_descriptions": 0.012042999267578125,
            "1_snapshot_rows": 0.0006251335144042969
        },
        "create_base_entity_graph": {
            "overall": 0.010820150375366211,
            "0_cluster_graph": 0.009039878845214844,
            "1_snapshot_rows": 0.0006897449493408203,
            "2_snapshot_rows": 0.0005970001220703125,
            "3_select": 0.000286102294921875
        },
        "create_final_entities": {
            "overall": 0.05404186248779297,
            "0_unpack_graph": 0.0024499893188476562,
            "1_rename": 0.0002739429473876953,
            "2_select": 0.0003247261047363281,
            "3_dedupe": 0.00025177001953125,
            "4_rename": 0.00019216537475585938,
            "5_filter": 0.001592874526977539,
            "6_text_split": 0.0012009143829345703,
            "7_drop": 0.0002837181091308594,
            "8_merge": 0.007632255554199219,
            "9_text_embed": 0.03789830207824707,
            "10_drop": 0.00027680397033691406,
            "11_filter": 0.0014667510986328125
        },
        "create_final_nodes": {
            "overall": 0.019846200942993164,
            "0_layout_graph": 0.008205175399780273,
            "1_unpack_graph": 0.002445220947265625,
            "2_unpack_graph": 0.0021009445190429688,
            "3_drop": 0.00024700164794921875,
            "4_filter": 0.0014889240264892578,
            "5_select": 0.00024390220642089844,
            "6_snapshot": 0.0006279945373535156,
            "7_rename": 0.0001919269561767578,
            "8_join": 0.002653837203979492,
            "9_convert": 0.0011589527130126953,
            "10_rename": 0.00030303001403808594
        },
        "create_final_communities": {
            "overall": 0.018567800521850586,
            "0_unpack_graph": 0.002295970916748047,
            "1_unpack_graph": 0.001865386962890625,
            "2_aggregate_override": 0.0010349750518798828,
            "3_join": 0.0023241043090820312,
            "4_join": 0.002088785171508789,
            "5_concat": 0.000308990478515625,
            "6_filter": 0.0020689964294433594,
            "7_aggregate_override": 0.0011661052703857422,
            "8_join": 0.0023260116577148438,
            "9_filter": 0.00179290771484375,
            "10_fill": 0.00017786026000976562,
            "11_merge": 0.0004858970642089844,
            "12_copy": 0.0001709461212158203,
            "13_select": 0.00022411346435546875
        },
        "join_text_units_to_entity_ids": {
            "overall": 0.002608060836791992,
            "0_select": 0.0003800392150878906,
            "1_unroll": 0.0007429122924804688,
            "2_aggregate_override": 0.0013551712036132812
        },
        "create_final_relationships": {
            "overall": 0.008044242858886719,
            "0_unpack_graph": 0.0021059513092041016,
            "1_filter": 0.0017809867858886719,
            "2_rename": 0.00026297569274902344,
            "3_filter": 0.001470327377319336,
            "4_drop": 0.00023174285888671875,
            "5_compute_edge_combined_degree": 0.0015249252319335938,
            "6_convert": 0.00027179718017578125,
            "7_convert": 0.00019788742065429688
        },
        "join_text_units_to_relationship_ids": {
            "overall": 0.002363920211791992,
            "0_select": 0.0003478527069091797,
            "1_unroll": 0.0006690025329589844,
            "2_aggregate_override": 0.0009567737579345703,
            "3_select": 0.0002582073211669922
        },
        "create_final_community_reports": {
            "overall": 0.014557838439941406,
            "0_prepare_community_reports_nodes": 0.0011582374572753906,
            "1_prepare_community_reports_edges": 0.0006010532379150391,
            "2_restore_community_hierarchy": 0.0012891292572021484,
            "3_prepare_community_reports": 0.007230043411254883,
            "4_create_community_reports": 0.0029058456420898438,
            "5_select": 0.0003020763397216797,
            "6_window": 0.0004630088806152344,
            "7_select": 0.0003979206085205078
        },
        "create_final_text_units": {
            "overall": 0.006657838821411133,
            "0_select": 0.0003170967102050781,
            "1_rename": 0.0002028942108154297,
            "2_join": 0.0026459693908691406,
            "3_join": 0.0021009445190429688,
            "4_aggregate_override": 0.0010180473327636719,
            "5_select": 0.00022077560424804688
        },
        "create_base_documents": {
            "overall": 0.007347822189331055,
            "0_unroll": 0.00092315673828125,
            "1_select": 0.0002548694610595703,
            "2_rename": 0.00022792816162109375,
            "3_join": 0.0024209022521972656,
            "4_aggregate_override": 0.0007810592651367188,
            "5_join": 0.00189208984375,
            "6_rename": 0.00021004676818847656,
            "7_convert": 0.00043511390686035156
        },
        "create_final_documents": {
            "overall": 0.0004801750183105469,
            "0_rename": 0.00034999847412109375
        }
    }
}