{
    "total_runtime": 1.5136950016021729,
    "num_documents": 4,
    "input_load_time": 0,
    "workflows": {
        "create_base_text_units": {
            "overall": 0.13227605819702148,
            "0_orderby": 0.0005140304565429688,
            "1_zip": 0.0005142688751220703,
            "2_aggregate_override": 0.0011670589447021484,
            "3_chunk": 0.1229550838470459,
            "4_select": 0.0004987716674804688,
            "5_unroll": 0.0008428096771240234,
            "6_rename": 0.00020813941955566406,
            "7_genid": 0.0024001598358154297,
            "8_unzip": 0.000453948974609375,
            "9_copy": 0.00013589859008789062,
            "10_filter": 0.00238800048828125
        },
        "create_base_extracted_entities": {
            "overall": 0.10479593276977539,
            "0_entity_extract": 0.08818578720092773,
            "1_snapshot": 0.003165006637573242,
            "2_merge_graphs": 0.012736082077026367,
            "3_snapshot_rows": 0.0005371570587158203
        },
        "create_summarized_entities": {
            "overall": 0.02032780647277832,
            "0_summarize_descriptions": 0.019580841064453125,
            "1_snapshot_rows": 0.0006158351898193359
        },
        "create_base_entity_graph": {
            "overall": 0.014664173126220703,
            "0_cluster_graph": 0.01278376579284668,
            "1_snapshot_rows": 0.0007550716400146484,
            "2_snapshot_rows": 0.0005922317504882812,
            "3_select": 0.0003769397735595703
        },
        "create_final_entities": {
            "overall": 0.09038400650024414,
            "0_unpack_graph": 0.0032241344451904297,
            "1_rename": 0.00032329559326171875,
            "2_select": 0.0003058910369873047,
            "3_dedupe": 0.0002932548522949219,
            "4_rename": 0.00020313262939453125,
            "5_filter": 0.0020439624786376953,
            "6_text_split": 0.0021882057189941406,
            "7_drop": 0.00030493736267089844,
            "8_merge": 0.015229940414428711,
            "9_text_embed": 0.06373310089111328,
            "10_drop": 0.0004851818084716797,
            "11_filter": 0.0018258094787597656
        },
        "create_final_nodes": {
            "overall": 0.030784130096435547,
            "0_layout_graph": 0.013424873352050781,
            "1_unpack_graph": 0.004388093948364258,
            "2_unpack_graph": 0.0045928955078125,
            "3_filter": 0.0018002986907958984,
            "4_drop": 0.0002841949462890625,
            "5_select": 0.000270843505859375,
            "6_snapshot": 0.0010330677032470703,
            "7_rename": 0.00024819374084472656,
            "8_convert": 0.0010979175567626953,
            "9_join": 0.003062009811401367,
            "10_rename": 0.0003619194030761719
        },
        "create_final_communities": {
            "overall": 0.020625829696655273,
            "0_unpack_graph": 0.003055095672607422,
            "1_unpack_graph": 0.002624988555908203,
            "2_aggregate_override": 0.001055002212524414,
            "3_join": 0.0021820068359375,
            "4_join": 0.001898050308227539,
            "5_concat": 0.0002319812774658203,
            "6_filter": 0.0024220943450927734,
            "7_aggregate_override": 0.0014810562133789062,
            "8_join": 0.002330303192138672,
            "9_filter": 0.001989126205444336,
            "10_fill": 0.0002281665802001953,
            "11_merge": 0.0004961490631103516,
            "12_copy": 0.00017404556274414062,
            "13_select": 0.00021409988403320312
        },
        "join_text_units_to_entity_ids": {
            "overall": 0.0036978721618652344,
            "0_select": 0.0004208087921142578,
            "1_unroll": 0.0008499622344970703,
            "2_aggregate_override": 0.002292156219482422
        },
        "create_final_relationships": {
            "overall": 0.010072946548461914,
            "0_unpack_graph": 0.003659963607788086,
            "1_filter": 0.001821279525756836,
            "2_rename": 0.0002338886260986328,
            "3_filter": 0.0013699531555175781,
            "4_drop": 0.00025391578674316406,
            "5_compute_edge_combined_degree": 0.0018308162689208984,
            "6_convert": 0.0003688335418701172,
            "7_convert": 0.0003268718719482422
        },
        "join_text_units_to_relationship_ids": {
            "overall": 0.0024530887603759766,
            "0_select": 0.000392913818359375,
            "1_unroll": 0.0007088184356689453,
            "2_aggregate_override": 0.0009312629699707031,
            "3_select": 0.0002658367156982422
        },
        "create_final_community_reports": {
            "overall": 0.017195940017700195,
            "0_prepare_community_reports_nodes": 0.0020551681518554688,
            "1_prepare_community_reports_edges": 0.0007069110870361328,
            "2_restore_community_hierarchy": 0.0016598701477050781,
            "3_prepare_community_reports": 0.008458137512207031,
            "4_create_community_reports": 0.0028908252716064453,
            "5_select": 0.00039005279541015625,
            "6_window": 0.0004718303680419922,
            "7_select": 0.0003101825714111328
        },
        "create_final_text_units": {
            "overall": 0.0069141387939453125,
            "0_select": 0.00038695335388183594,
            "1_rename": 0.0002617835998535156,
            "2_join": 0.0026121139526367188,
            "3_join": 0.002129077911376953,
            "4_aggregate_override": 0.0011298656463623047,
            "5_select": 0.00024199485778808594
        },
        "create_base_documents": {
            "overall": 0.006921052932739258,
            "0_unroll": 0.001024007797241211,
            "1_select": 0.0002758502960205078,
            "2_rename": 0.0002422332763671875,
            "3_join": 0.0019369125366210938,
            "4_aggregate_override": 0.0007669925689697266,
            "5_join": 0.0018439292907714844,
            "6_rename": 0.0002079010009765625,
            "7_convert": 0.00043892860412597656
        },
        "create_final_documents": {
            "overall": 0.000492095947265625,
            "0_rename": 0.00035262107849121094
        }
    }
}