{
    "total_runtime": 0.19842982292175293,
    "num_documents": 1,
    "input_load_time": 0,
    "workflows": {
        "create_base_text_units": {
            "overall": 0.12265920639038086,
            "0_orderby": 0.0006000995635986328,
            "1_zip": 0.0005040168762207031,
            "2_aggregate_override": 0.0011811256408691406,
            "3_chunk": 0.1124422550201416,
            "4_select": 0.0005159378051757812,
            "5_unroll": 0.0016841888427734375,
            "6_rename": 0.0004937648773193359,
            "7_genid": 0.0011394023895263672,
            "8_unzip": 0.0005300045013427734,
            "9_copy": 0.00016188621520996094,
            "10_filter": 0.0031669139862060547
        }
    }
}