{
    "total_runtime": 0.5119118690490723,
    "num_documents": 2,
    "input_load_time": 0,
    "workflows": {
        "create_base_text_units": {
            "overall": 0.4442157745361328,
            "0_orderby": 0.0005240440368652344,
            "1_zip": 0.0004630088806152344,
            "2_aggregate_override": 0.0011587142944335938,
            "3_chunk": 0.4011070728302002,
            "4_select": 0.0005402565002441406,
            "5_unroll": 0.0009357929229736328,
            "6_rename": 0.00024390220642089844,
            "7_genid": 0.023408889770507812,
            "8_unzip": 0.0006351470947265625,
            "9_copy": 0.0001552104949951172,
            "10_filter": 0.014805078506469727
        }
    }
}