{
    "total_runtime": 1.4000961780548096,
    "num_documents": 1,
    "input_load_time": 0,
    "workflows": {
        "create_base_text_units": {
            "overall": 0.13450980186462402,
            "0_orderby": 0.0005402565002441406,
            "1_zip": 0.0005359649658203125,
            "2_aggregate_override": 0.001195669174194336,
            "3_chunk": 0.11997103691101074,
            "4_select": 0.00036978721618652344,
            "5_unroll": 0.0007297992706298828,
            "6_rename": 0.0001900196075439453,
            "7_genid": 0.0009419918060302734,
            "8_unzip": 0.0005068778991699219,
            "9_copy": 0.00011992454528808594,
            "10_filter": 0.009211063385009766
        },
        "create_base_extracted_entities": {
            "overall": 0.054277896881103516,
            "0_entity_extract": 0.046949148178100586,
            "1_snapshot": 0.0014040470123291016,
            "2_merge_graphs": 0.005309104919433594,
            "3_snapshot_rows": 0.0004658699035644531
        },
        "create_summarized_entities": {
            "overall": 0.014596223831176758,
            "0_summarize_descriptions": 0.013856172561645508,
            "1_snapshot_rows": 0.0006201267242431641
        },
        "create_base_entity_graph": {
            "overall": 0.012517929077148438,
            "0_cluster_graph": 0.010373830795288086,
            "1_snapshot_rows": 0.0009369850158691406,
            "2_snapshot_rows": 0.0006849765777587891,
            "3_select": 0.0003619194030761719
        },
        "create_final_entities": {
            "overall": 0.056257009506225586,
            "0_unpack_graph": 0.0022881031036376953,
            "1_rename": 0.0002751350402832031,
            "2_select": 0.0002849102020263672,
            "3_dedupe": 0.0002849102020263672,
            "4_rename": 0.0002090930938720703,
            "5_filter": 0.001756906509399414,
            "6_text_split": 0.0013780593872070312,
            "7_drop": 0.0003600120544433594,
            "8_merge": 0.007175922393798828,
            "9_text_embed": 0.04006481170654297,
            "10_drop": 0.00034880638122558594,
            "11_filter": 0.0016040802001953125
        },
        "create_final_nodes": {
            "overall": 0.020385026931762695,
            "0_layout_graph": 0.007999897003173828,
            "1_unpack_graph": 0.002196073532104492,
            "2_unpack_graph": 0.0020568370819091797,
            "3_drop": 0.00023698806762695312,
            "4_filter": 0.0014641284942626953,
            "5_select": 0.0002570152282714844,
            "6_snapshot": 0.0008189678192138672,
            "7_rename": 0.0002779960632324219,
            "8_join": 0.0024487972259521484,
            "9_convert": 0.002146005630493164,
            "10_rename": 0.00029206275939941406
        },
        "create_final_communities": {
            "overall": 0.017596006393432617,
            "0_unpack_graph": 0.002177000045776367,
            "1_unpack_graph": 0.0016520023345947266,
            "2_aggregate_override": 0.0010371208190917969,
            "3_join": 0.002389192581176758,
            "4_join": 0.0022368431091308594,
            "5_concat": 0.00024199485778808594,
            "6_filter": 0.0019559860229492188,
            "7_aggregate_override": 0.0010848045349121094,
            "8_join": 0.0018601417541503906,
            "9_filter": 0.001651763916015625,
            "10_fill": 0.000186920166015625,
            "11_merge": 0.0004990100860595703,
            "12_copy": 0.0001728534698486328,
            "13_select": 0.00022673606872558594
        },
        "join_text_units_to_entity_ids": {
            "overall": 0.0028858184814453125,
            "0_select": 0.0003666877746582031,
            "1_unroll": 0.0007991790771484375,
            "2_aggregate_override": 0.0015730857849121094
        },
        "create_final_relationships": {
            "overall": 0.007704734802246094,
            "0_unpack_graph": 0.0019121170043945312,
            "1_filter": 0.0016841888427734375,
            "2_rename": 0.000209808349609375,
            "3_filter": 0.0013458728790283203,
            "4_drop": 0.0002307891845703125,
            "5_compute_edge_combined_degree": 0.0015070438385009766,
            "6_convert": 0.00038909912109375,
            "7_convert": 0.0002548694610595703
        },
        "join_text_units_to_relationship_ids": {
            "overall": 0.002674102783203125,
            "0_select": 0.00041604042053222656,
            "1_unroll": 0.0006911754608154297,
            "2_aggregate_override": 0.001157999038696289,
            "3_select": 0.00027179718017578125
        },
        "create_final_community_reports": {
            "overall": 0.021625041961669922,
            "0_prepare_community_reports_nodes": 0.0011019706726074219,
            "1_prepare_community_reports_edges": 0.0006678104400634766,
            "2_restore_community_hierarchy": 0.0013508796691894531,
            "3_prepare_community_reports": 0.009861230850219727,
            "4_create_community_reports": 0.0061168670654296875,
            "5_select": 0.0003612041473388672,
            "6_window": 0.0015611648559570312,
            "7_select": 0.0003948211669921875
        },
        "create_final_text_units": {
            "overall": 0.006372213363647461,
            "0_select": 0.00038886070251464844,
            "1_rename": 0.00023484230041503906,
            "2_join": 0.002310037612915039,
            "3_join": 0.0020380020141601562,
            "4_aggregate_override": 0.0009920597076416016,
            "5_select": 0.00023102760314941406
        },
        "create_base_documents": {
            "overall": 0.006407976150512695,
            "0_unroll": 0.0009450912475585938,
            "1_select": 0.00024700164794921875,
            "2_rename": 0.0001990795135498047,
            "3_join": 0.001911163330078125,
            "4_aggregate_override": 0.00067901611328125,
            "5_join": 0.0016758441925048828,
            "6_rename": 0.00018596649169921875,
            "7_convert": 0.00040602684020996094
        },
        "create_final_documents": {
            "overall": 0.0005521774291992188,
            "0_rename": 0.0003972053527832031
        }
    }
}