{
    "total_runtime": 0.4890000820159912,
    "num_documents": 2,
    "input_load_time": 0,
    "workflows": {
        "create_base_text_units": {
            "overall": 0.4307520389556885,
            "0_orderby": 0.0004630088806152344,
            "1_zip": 0.0004620552062988281,
            "2_aggregate_override": 0.0011560916900634766,
            "3_chunk": 0.3903510570526123,
            "4_select": 0.0004930496215820312,
            "5_unroll": 0.0008339881896972656,
            "6_rename": 0.00021886825561523438,
            "7_genid": 0.021236896514892578,
            "8_unzip": 0.0006620883941650391,
            "9_copy": 0.00016379356384277344,
            "10_filter": 0.014503955841064453
        }
    }
}