{
    "total_runtime": 84.60725402832031,
    "num_documents": 2,
    "input_load_time": 0,
    "workflows": {
        "create_base_text_units": {
            "overall": 0.10822200775146484,
            "0_orderby": 0.0005071163177490234,
            "1_zip": 0.00047397613525390625,
            "2_aggregate_override": 0.0011997222900390625,
            "3_chunk": 0.10115480422973633,
            "4_select": 0.00038313865661621094,
            "5_unroll": 0.0007522106170654297,
            "6_rename": 0.00021910667419433594,
            "7_genid": 0.0010230541229248047,
            "8_unzip": 0.0004298686981201172,
            "9_copy": 0.0001308917999267578,
            "10_filter": 0.0017540454864501953
        },
        "create_base_extracted_entities": {
            "overall": 64.65011620521545,
            "0_entity_extract": 64.6340548992157,
            "1_snapshot": 0.003515958786010742,
            "2_merge_graphs": 0.010251045227050781,
            "3_snapshot_rows": 0.0019419193267822266
        },
        "create_summarized_entities": {
            "overall": 0.006679058074951172,
            "0_summarize_descriptions": 0.005955219268798828,
            "1_snapshot_rows": 0.0005879402160644531
        },
        "create_base_entity_graph": {
            "overall": 0.009061098098754883,
            "0_cluster_graph": 0.008352994918823242,
            "1_snapshot_rows": 0.0005650520324707031
        },
        "create_final_entities": {
            "overall": 2.192728042602539,
            "0_unpack_graph": 0.0007870197296142578,
            "1_rename": 0.0002288818359375,
            "2_select": 0.0002608299255371094,
            "3_dedupe": 0.00029778480529785156,
            "4_rename": 0.0001571178436279297,
            "5_filter": 0.0014603137969970703,
            "6_text_split": 0.00037598609924316406,
            "7_drop": 0.00027632713317871094,
            "8_merge": 0.0012431144714355469,
            "9_text_embed": 2.1796321868896484,
            "10_drop": 0.0017688274383544922,
            "11_filter": 0.005856037139892578
        },
        "create_final_nodes": {
            "overall": 0.015050172805786133,
            "0_layout_graph": 0.006037712097167969,
            "1_unpack_graph": 0.0007739067077636719,
            "2_unpack_graph": 0.0006530284881591797,
            "3_drop": 0.0002319812774658203,
            "4_filter": 0.0013082027435302734,
            "5_select": 0.0002238750457763672,
            "6_snapshot": 0.0005240440368652344,
            "7_rename": 0.00016617774963378906,
            "8_convert": 0.002463817596435547,
            "9_join": 0.0022668838500976562,
            "10_rename": 0.00022411346435546875
        },
        "create_final_communities": {
            "overall": 0.014352083206176758,
            "0_unpack_graph": 0.0007510185241699219,
            "1_unpack_graph": 0.0006468296051025391,
            "2_aggregate_override": 0.0012841224670410156,
            "3_join": 0.0021250247955322266,
            "4_join": 0.0019428730010986328,
            "5_concat": 0.0003142356872558594,
            "6_filter": 0.0017809867858886719,
            "7_aggregate_override": 0.0010640621185302734,
            "8_join": 0.001779794692993164,
            "9_filter": 0.0014388561248779297,
            "10_fill": 0.00015616416931152344,
            "11_merge": 0.00044608116149902344,
            "12_copy": 0.00016999244689941406,
            "13_select": 0.00022292137145996094
        },
        "join_text_units_to_entity_ids": {
            "overall": 0.00189208984375,
            "0_select": 0.0003409385681152344,
            "1_unroll": 0.0006031990051269531,
            "2_aggregate_override": 0.0008230209350585938
        },
        "create_final_relationships": {
            "overall": 0.00578618049621582,
            "0_unpack_graph": 0.0008409023284912109,
            "1_filter": 0.001463174819946289,
            "2_rename": 0.0001881122589111328,
            "3_filter": 0.0011458396911621094,
            "4_drop": 0.0001938343048095703,
            "5_compute_edge_combined_degree": 0.001360177993774414,
            "6_convert": 0.0002689361572265625,
            "7_convert": 0.0001671314239501953
        },
        "join_text_units_to_relationship_ids": {
            "overall": 0.0020759105682373047,
            "0_select": 0.0003101825714111328,
            "1_unroll": 0.0006170272827148438,
            "2_aggregate_override": 0.0007762908935546875,
            "3_select": 0.0002529621124267578
        },
        "create_final_community_reports": {
            "overall": 16.547761917114258,
            "0_prepare_community_reports_nodes": 0.0006232261657714844,
            "1_prepare_community_reports_edges": 0.0004649162292480469,
            "2_restore_community_hierarchy": 0.0012772083282470703,
            "3_prepare_community_reports": 0.00853586196899414,
            "4_create_community_reports": 16.535377025604248,
            "5_window": 0.0012347698211669922
        },
        "create_final_text_units": {
            "overall": 0.006341218948364258,
            "0_select": 0.0003693103790283203,
            "1_rename": 0.00021600723266601562,
            "2_join": 0.0023348331451416016,
            "3_join": 0.0019850730895996094,
            "4_aggregate_override": 0.0010361671447753906,
            "5_select": 0.00024700164794921875
        },
        "create_base_documents": {
            "overall": 0.006500959396362305,
            "0_unroll": 0.0007669925689697266,
            "1_select": 0.0002281665802001953,
            "2_rename": 0.00020194053649902344,
            "3_join": 0.0018110275268554688,
            "4_aggregate_override": 0.000659942626953125,
            "5_join": 0.002001047134399414,
            "6_rename": 0.0001971721649169922,
            "7_convert": 0.0004398822784423828
        },
        "create_final_documents": {
            "overall": 0.00036978721618652344,
            "0_rename": 0.0002570152282714844
        }
    }
}