{
    "total_runtime": 0.5012528896331787,
    "num_documents": 3,
    "input_load_time": 0,
    "workflows": {
        "create_base_text_units": {
            "overall": 0.4354410171508789,
            "0_orderby": 0.0005881786346435547,
            "1_zip": 0.0005321502685546875,
            "2_aggregate_override": 0.0012159347534179688,
            "3_chunk": 0.4002668857574463,
            "4_select": 0.0005252361297607422,
            "5_unroll": 0.0008807182312011719,
            "6_rename": 0.0002288818359375,
            "7_genid": 0.023675918579101562,
            "8_unzip": 0.0008518695831298828,
            "9_copy": 0.0001900196075439453,
            "10_filter": 0.006250143051147461
        }
    }
}